{
	"tickets": [
		{
			"id": "CAM-1",
			"date": "01-12-2023",
			"isHide": false,
			"title": "Update User Profile Page UI",
			"userId": "usr-1",
			"status": "Todo",
			"priority": 4,
			"color": "green"
		},
		{
			"id": "CAM-1",
			"date": "01-12-2023",
			"isHide": false,

			"title": "Update User Profile Page UI",
			"color": "red",

			"userId": "usr-1",
			"status": "Todo",
			"priority": 4
		},
		{
			"id": "CAM-1",
			"date": "01-12-2023",
			"isHide": false,

			"title": "Update User Profile Page UI",
			"color": "red",

			"userId": "usr-1",
			"status": "Todo",
			"priority": 4
		},
		{
			"id": "CAM-1",
			"date": "01-12-2023",
			"isHide": false,

			"title": "Update User Profile Page UI",

			"userId": "usr-1",
			"status": "Todo",
			"priority": 4,
			"color": "red"
		},
		{
			"id": "CAM-1",
			"date": "01-12-2023",
			"isHide": false,

			"title": "Update User Profile Page UI",
			"color": "red",

			"userId": "usr-1",
			"status": "Todo",
			"priority": 4
		},
		
		{
			"id": "CAM-8",
			"date": "23-11-2023",
			"isHide": false,

			"title": "Implement Role-Based Access Control (RBAC)",
			"color": "blue",

			"userId": "usr-3",
			"status": "In progress",
			"priority": 3
		},
		{
			"id": "CAM-8",
			"date": "23-11-2023",
			"isHide": false,

			"title": "Implement Role-Based Access Control (RBAC)",
			"color": "blue",

			"userId": "usr-3",
			"status": "In progress",
			"priority": 3
		},
		{
			"id": "CAM-8",
			"date": "23-11-2023",
			"isHide": false,

			"title": "Implement Role-Based Access Control (RBAC)",
			"color": "blue",

			"userId": "usr-3",
			"status": "In progress",
			"priority": 3
		},
		{
			"id": "CAM-8",
			"date": "23-11-2023",
			"isHide": false,

			"title": "Implement Role-Based Access Control (RBAC)",
			"color": "blue",

			"userId": "usr-3",
			"status": "In progress",
			"priority": 3
		},
		{
			"id": "CAM-8",
			"date": "23-11-2023",
			"isHide": false,

			"title": "Implement Role-Based Access Control (RBAC)",
			"color": "blue",

			"userId": "usr-3",
			"status": "In progress",
			"priority": 3
		},
		{
			"id": "CAM-8",
			"date": "23-11-2023",
			"isHide": false,

			"title": "Implement Role-Based Access Control (RBAC)",
			"color": "blue",

			"userId": "usr-3",
			"status": "In progress",
			"priority": 3
		},
		{
			"id": "CAM-8",
			"date": "23-11-2023",
			"isHide": false,

			"title": "Implement Role-Based Access Control (RBAC)",
			"color": "blue",

			"userId": "usr-3",
			"status": "In progress",
			"priority": 3
		},
		{
			"id": "CAM-8",
			"date": "23-11-2023",
			"isHide": false,

			"title": "Implement Role-Based Access Control (RBAC)",
			"color": "blue",

			"userId": "usr-3",
			"status": "In progress",
			"priority": 3
		},
		{
			"id": "CAM-9",
			"date": "14-01-2023",
			"isHide": false,

			"title": "Upgrade Server Infrastructure",
			"color": "black",
			"userId": "usr-5",
			"status": "Todo",
			"priority": 2
		},
		{
			"id": "CAM-10",
			"isHide": false,

			"title": "Conduct Security Vulnerability Assessment",
			"color": "black",
			"userId": "usr-4",
			"status": "Backlog",
			"priority": 1
		}
	],
	"users": [
		{
			"id": "usr-1",
			"name": "Anoop sharma",
			"available": false
		},
		{
			"id": "usr-2",
			"name": "Yogesh",
			"available": true
		},
		{
			"id": "usr-3",
			"name": "Shankar Kumar",
			"available": true
		},
		{
			"id": "usr-4",
			"name": "Ramesh",
			"available": true
		},
		{
			"id": "usr-5",
			"name": "Suresh",
			"available": true
		}
	]
}
